model,train_rmse,train_mae,test_rmse,test_mae
baseline,5838495.204412548,4289864.91099826,9218774.755184323,9218774.755184323
lr,4160161.3727382477,3259671.8597653853,9383658.147350239,9383658.147350239
rf,3083032.897339629,2448531.5763127743,9201691.656114368,9201691.656114368
lgbm,2693935.785116629,2177857.7519127233,9152756.225481782,9152756.225481782
