model,train_rmse,train_mae,test_rmse,test_mae
baseline,34532.83096331517,22874.886275583736,31348.03007097916,21792.257003177998
lr,27240.57000710984,18015.809519792005,25378.87352437321,17357.754756722985
rf,19969.16982283846,13110.525860688236,21962.391962341284,14830.47425240596
lgbm,19048.33457525391,12459.444010243104,20587.938518381037,13847.57400418311
