model,train_rmse,train_mae,test_rmse,test_mae
baseline,574580.9885185385,421624.88907498086,501558.5201154305,402292.449279315
lr,562474.1270736028,424049.211612549,515169.70132398617,414843.36247044243
rf,426970.66690816457,320020.1298768384,477262.46993007004,382659.08634642424
lgbm,412511.08227658144,308702.3403628658,468652.8298445288,375656.19456650957
